Accounting,ACCT 2101 (811),Financial Accounting,3,MWF 10:20-11:50,"Sigaty, D.",9834,,1,,Class Info
Accounting,ACCT 2101 (812),Financial Accounting,3,TTh 8:45-11:00,"Hongo, A.",10231,,1,,Class Info
Accounting,ACCT 2102 (811),Managerial Accounting,3,MWF 13:40-15:10,"Sigaty, D.",9835,,2,,Class Info
American Studies,AMST 0862 (811),First Person America,3,MWF 17:30-19:00,"Higgins, S.",9890,GU,,,Class Info
American Studies,AMST 2120 (811),Topics in American Culture: Hip-Hop Culture: African Origins to Urban America,3,TTh 14:20-16:35,"Williams, M.",9903,,100,,Class Info
Anthropology,ANTH 0817 (811),Youth Cultures,3,MWF 12:00-13:30,"Horiguchi, S.",9904,GB,1021,,Class Info
Anthropology,ANTH 0867 (811),World Regions and Cultures: Diversity and Interconnections,3,MWF 15:50-17:20,"Horiguchi, S.",9905,GG,1061,,Class Info
Anthropology,ANTH 2238 (811),The Visual Anthropology of Modern Japan,3,MWF 13:40-15:40,"Horiguchi, S.",9906,,238,CL: ASST 2238 (811). Notes: Extended class (screening) time is required.,Class Info
Anthropology,ANTH 2373 (811),Japanese Culture,3,TTh 11:10-13:25,"Mock, J.",9943,,253,CL: ASST 2373 (811).,Class Info
Art,ARTU 1101 (811),Painting for Non-Majors,3,MWF 9:20-11:50,"Sakurai, K.",9945,,C079,"Notes: An extra media fee of 18,000 yen is required. Extra studio time is mandatory in this class.",Class Info
Art,ARTU 1101 (812),Painting for Non-Majors,3,TTh 9:20-13:00,"Sakurai, K.",9947,,C079,"Notes: An extra media fee of 18,000 yen is required. Extra studio time is mandatory in this class.",Class Info
Art,ARTU 1201 (811),3-D Design,3,MWF 15:50-18:20,"Hishiyama, Y.",9950,,C089,"Notes: An extra media fee of 18,000 yen is required. Extra studio time is mandatory in this class.",Class Info
Art,ARTU 1401 (811),Drawing I,3,MWF 9:20-11:50,"Hishiyama, Y.",9955,,C069,"Notes: An extra media fee of 18,000 yen is required. Extra studio time is mandatory in this class.",Class Info
Art,ARTU 1401 (812),Drawing I,3,MWF 15:50-18:20,"Wilds, K.",9957,,C069,"Notes: An extra media fee of 18,000 yen is required. Extra studio time is mandatory in this class.",Class Info
Art,ARTU 1401 (813),Drawing I,3,TTh 14:20-18:00,"Kubota, T.",9959,,C069,"Notes: An extra media fee of 18,000 yen is required. Extra studio time is mandatory in this class.",Class Info
Art,ARTU 1402 (811),Drawing II,3,MWF 9:20-11:50,"Hishiyama, Y.",9956,,,"Notes: An extra media fee of 18,000 yen is required. Extra studio time is mandatory in this class.",Class Info
Art,ARTU 1402 (812),Drawing II,3,MWF 15:50-18:20,"Wilds, K.",9958,,,"Notes: An extra media fee of 18,000 yen is required. Extra studio time is mandatory in this class.",Class Info
Art,ARTU 1402 (813),Drawing II,3,TTh 14:20-18:00,"Kubota, T.",9960,,,"Notes: An extra media fee of 18,000 yen is required. Extra studio time is mandatory in this class.",Class Info
Art,ARTU 1501 (811),2D Design,3,MWF 13:10-15:40,"Watanabe, S.",9949,,C059,"Notes: An extra media fee of 18,000 yen is required. Extra studio time is mandatory in this class.",Class Info
Art,ARTU 2102 (811),Painting,3,MWF 9:20-11:50,"Sakurai, K.",9946,,118,"Notes: An extra media fee of 18,000 yen is required. Extra studio time is mandatory in this class.",Class Info
Art,ARTU 2102 (812),Painting,3,TTh 9:20-13:00,"Sakurai, K.",9948,,118,"Notes: An extra media fee of 18,000 yen is required. Extra studio time is mandatory in this class.",Class Info
Art,ARTU 2202 (811),Intermediate 3-D,3,MWF 15:50-18:20,"Hishiyama, Y.",9961,,122,"Notes: An extra media fee of 18,000 yen is required. Extra studio time is mandatory in this class.",Class Info
Art,ARTU 2400 (811),Special Topics: Picture Books,3,MWF 13:10-15:40,"Wilds, K.",9937,,,"Notes: An extra media fee of 18,000 yen is required. Extra studio time is mandatory in this class.",Class Info
Art,ARTU 2402 (811),Intermediate Drawing,3,TTh 14:20-18:00,"Kubota, T.",9976,,140,"Notes: An extra media fee of 18,000 yen is required. Extra studio time is mandatory in this class.",Class Info
Art,ARTU 2601 (811),Computer Imaging,3,MWF 9:20-11:50,"Tsai, P.",9939,,160,"Notes: An extra media fee of 18,000 yen is required. Extra studio time is mandatory in this class.",Class Info
Art,ARTU 2601 (812),Computer Imaging,3,TTh 9:20-13:00,"Kubota, T.",9942,,160,"Notes: An extra media fee of 18,000 yen is required. Extra studio time is mandatory in this class.",Class Info
Art,ARTU 2602 (811),Intermediate Computer Imaging,3,MWF 9:20-11:50,"Lynam, I.",9940,,161,"Notes: An extra media fee of 18,000 yen is required. Extra studio time is mandatory in this class.",Class Info
Art,ARTU 2602 (812),Intermediate Computer Imaging,3,MWF 9:20-11:50,"Rouse, L.",10888,,161,"Notes: An extra media fee of 18,000 yen is required. Extra studio time is mandatory in this class.",Class Info
Art,ARTU 2811 (811),Art Photography: Digital,3,MW 15:50-19:30,"Watanabe, S.",9980,,188,"Notes: An extra media fee of 18,000 yen is required. Extra studio time is mandatory in this class.",Class Info
Art,ARTU 2811 (812),Art Photography: Digital,3,TTh 14:20-18:00,"Watanabe, S.",9984,,188,"Notes: An extra media fee of 18,000 yen is required. Extra studio time is mandatory in this class.",Class Info
Art,ARTU 2812 (811),Intermediate Art Photography: Digital,3,MWF 13:10-15:40,"Tsai, P.",9973,,189,"Notes: An extra media fee of 18,000 yen is required. Extra studio time is mandatory in this class.",Class Info
Art,ARTU 2812 (812),Intermediate Art Photography: Digital,3,MW 15:50-19:30,"Watanabe, S.",9981,,189,"Notes: An extra media fee of 18,000 yen is required. Extra studio time is mandatory in this class.",Class Info
Art,ARTU 2812 (813),Intermediate Art Photography: Digital,3,TTh 14:20-18:00,"Watanabe, S.",9985,,189,"Notes: An extra media fee of 18,000 yen is required. Extra studio time is mandatory in this class.",Class Info
Art,ARTU 3103 (811),Advanced Painting,3,MWF 9:20-11:50,"Sakurai, K.",9953,,119,"Notes: An extra media fee of 18,000 yen is required. Extra studio time is mandatory in this class.",Class Info
Art,ARTU 3203 (811),Advanced 3-D,3,MWF 15:50-18:20,"Hishiyama, Y.",9962,,325,"Notes: An extra media fee of 18,000 yen is required. Extra studio time is mandatory in this class.",Class Info
Art,ARTU 3403 (811),Advanced Drawing,3,TTh 14:20-18:00,"Kubota, T.",9977,,143,"Notes: An extra media fee of 18,000 yen is required. Extra studio time is mandatory in this class.",Class Info
Art,ARTU 3603 (811),Advanced Computer Imaging,3,MWF 9:20-11:50,"Lynam, I.",9951,,362,"Notes: An extra media fee of 18,000 yen is required. Extra studio time is mandatory in this class.",Class Info
Art,ARTU 3603 (812),Advanced Computer Imaging,3,MWF 9:20-11:50,"Rouse, L.",10886,,362,"Notes: An extra media fee of 18,000 yen is required. Extra studio time is mandatory in this class.",Class Info
Art,ARTU 3813 (811),Advanced Art Photography: Digital,3,MWF 13:10-15:40,"Tsai, P.",9974,,390,"Notes: An extra media fee of 18,000 yen is required. Extra studio time is mandatory in this class.",Class Info
Art,ARTU 3813 (812),Advanced Art Photography: Digital,3,MW 15:50-19:30,"Watanabe, S.",9982,,390,"Notes: An extra media fee of 18,000 yen is required. Extra studio time is mandatory in this class.",Class Info
Art,ARTU 3813 (813),Advanced Art Photography: Digital,3,TTh 14:20-18:00,"Watanabe, S.",9986,,390,"Notes: An extra media fee of 18,000 yen is required. Extra studio time is mandatory in this class.",Class Info
Art,ARTU 4149 (811),Painting Portfolio,3,MWF 9:20-11:50,"Sakurai, K.",9954,,,"Notes: An extra media fee of 18,000 yen is required. Extra studio time is mandatory in this class.",Class Info
Art,ARTU 4249 (811),3-D Portfolio,3,MWF 15:50-18:20,"Hishiyama, Y.",9963,,,"Notes: An extra media fee of 18,000 yen is required. Extra studio time is mandatory in this class.",Class Info
Art,ARTU 4449 (811),Drawing Portfolio,3,TTh 14:20-18:00,"Kubota, T.",9978,,4406,"Notes: An extra media fee of 18,000 yen is required. Extra studio time is mandatory in this class.",Class Info
Art,ARTU 4649 (811),Computer Imaging Portfolio,3,MWF 9:20-11:50,"Lynam, I.",9952,,,"Notes: An extra media fee of 18,000 yen is required. Extra studio time is mandatory in this class.",Class Info
Art,ARTU 4649 (812),Computer Imaging Portfolio,3,MWF 9:20-11:50,"Rouse, L.",10887,,,"Notes: An extra media fee of 18,000 yen is required. Extra studio time is mandatory in this class.",Class Info
Art,ARTU 4849 (811),Art Photography Portfolio,3,MWF 13:10-15:40,"Tsai, P.",9975,,382,"Notes: An extra media fee of 18,000 yen is required. Extra studio time is mandatory in this class.",Class Info
Art,ARTU 4849 (812),Art Photography Portfolio,3,MW 15:50-19:30,"Watanabe, S.",9983,,382,"Notes: An extra media fee of 18,000 yen is required. Extra studio time is mandatory in this class.",Class Info
Art,ARTU 4849 (813),Art Photography Portfolio,3,TTh 14:20-18:00,"Watanabe, S.",9987,,382,"Notes: An extra media fee of 18,000 yen is required. Extra studio time is mandatory in this class.",Class Info
Art History,ARTH 1103 (811),Introduction to Methods and Theories,3,MWF 15:50-17:20,"Nettleton, T.",9796,,,"Notes: An extra media fee of 4,500 yen is required. Field trips are mandatory in this class.",Class Info
Art History,ARTH 1155 (811),Arts of the World I: Prehistoric to 1300,3,MWF 12:00-13:30,"Tsuruya, M.",9792,,C055,"Notes: An extra media fee of 4,500 yen is required. Field trips are mandatory in this class.",Class Info
Art History,ARTH 2096 (811),Art History Writing Intensive: Eurasia: Connecting European and Asian Art and Culture,4,TTh 16:45-19:45,"Watanabe, S.",9787,WI,2296,"Notes: An extra media fee of 4,500 yen is required. Field trips are mandatory in this class.",Class Info
Art History,ARTH 2800 (811),Topics in Non-Western Art: Japanese Art Before and After WWII: National Identities in Modernization,4,TTh 11:10-14:10,"Watanabe, S.",9786,,,"Notes: An extra media fee of 4,500 yen is required. Prior to Summer 2020, this course was titled, “Japanese Art Before and After WWII: From Manga to Performance Art”. The topical content remains the same and is thus not repeatable for credit. Field trips are mandatory in this class.",Class Info
Art History,ARTH 2800 (812),Topics in Non-Western Art: Japanese Graphic Design History,4,MWF 17:30-19:30,"Lynam, I.",9793,,,"Notes: An extra media fee of 4,500 yen is required. Field trips are mandatory in this class.",Class Info
Art History,ARTH 2815 (811),Pre-Modern Japanese Art up to the Edo Period,4,TTh 16:45-19:45,"Morais, L.",9788,,215,"CL: ASST 2815 (811). Notes: An extra media fee of 4,500 yen is required. Field trips are mandatory in this class. Prior to spring 2017, the course title was “Japanese Art”.",Class Info
Art History,ARTH 2815 (812),Pre-Modern Japanese Art up to the Edo Period,4,MWF 8:10-10:10,"Tsuruya, M.",9790,,215,"CL: ASST 2815 (812). Notes: An extra media fee of 4,500 yen is required. Field trips are mandatory in this class. Prior to spring 2017, the course title was “Japanese Art”.",Class Info
Art History,ARTH 2898 (811),"Contemporary Japanese Art and Visual Culture, from 1945 to the Present",4,MWF 13:40-15:40,"Nettleton, T.",9795,WI,,"Notes: An extra media fee of 4,500 yen is required. Field trips are mandatory in this class. Prior to spring 2017, the course was “Art History 2096 Topics in Art History: Japanese Art and Visual Culture: 1945 to Present”.",Class Info
Asian Studies,ASST 0871 (811),Arts in Cultural Context,4,TTh 11:10-14:10,"Morais, L.",9794,GA,,"Notes: An extra media fee of 4,500 yen is required. Field trips are mandatory in this class.",Class Info
Asian Studies,ASST 2000 (811),Special Topics in Asian Studies I: The Evolving City: The Humanities Perspective,3,MWF 10:20-11:50,"Rossitto, S.",9927,,,CL: GUS 3000 (811) & SOC 2130 (811).,Class Info
Asian Studies,ASST 2111 (811),Japanese Literature,3,TTh 19:15-21:30,"Holca, I.",10099,,,CL: JPNS 2111 (811).,Class Info
Asian Studies,ASST 2112 (811),Chinese Literature: From Classical to Contemporary,3,MWF 12:00-13:30,"Sun, S.",9877,,,CL: CHI 2112 (811).,Class Info
Asian Studies,ASST 2238 (811),The Visual Anthropology of Modern Japan,3,MWF 13:40-15:40,"Horiguchi, S.",9907,,338,CL: ANTH 2238 (811). Notes: Extended class (screening) time is required.,Class Info
Asian Studies,ASST 2351 (811),Japan in a Changing World Order,3,MWF 12:00-13:30,"Cucek, M.",9849,,244,CL: POLS 2351 (811).,Class Info
Asian Studies,ASST 2373 (811),Japanese Culture,3,TTh 11:10-13:25,"Mock, J.",9944,,253,CL: ANTH 2373 (811).,Class Info
Asian Studies,ASST 2502 (811),Introduction to East Asia: Japan,3,TTh 14:20-16:35,"Cucek, M.",9874,,116,CL: HIST 2502 (811).,Class Info
Asian Studies,ASST 2815 (811),Japanese Art,4,TTh 16:45-19:45,"Morais, L.",9789,,270,"CL: ARTH 2815 (811). Notes: An extra media fee of 4,500 yen is required. Field trips are mandatory in this class.",Class Info
Asian Studies,ASST 2815 (812),Japanese Art,4,MWF 8:10-10:10,"Tsuruya, M.",9791,,270,"CL: ARTH 2815 (812). Notes: An extra media fee of 4,500 yen is required. Field trips are mandatory in this class.",Class Info
Asian Studies,ASST 3541 (811),Japan Today,3,TTh 14:20-16:35,"Kingston, J.",9909,,314,CL: HIST 3541 (811).,Class Info
Asian Studies,ASST 4696 (811),"Modern Japan: Empire, War, Society",3,TTh 16:45-19:00,"Kingston, J.",9912,WI,W311,CL: HIST 4697 (811).,Class Info
Biology,BIOL 0848 (811),DNA: Friend or Foe,3,TTh 16:45-19:00,"Cueno, M.",9885,GS,,,Class Info
Chemistry,CHEM 0838 (811),Nature Has No Reverse,3,MWF 17:30-19:00,"Cueno, M.",9886,GS,C065,,Class Info
Chinese,CHI 1001 (811),Chinese Elements I,4,MWF 13:40-15:40,"Sun, S.",9753,,C066,,Class Info
Chinese,CHI 2112 (811),Chinese Literature: From Classical to Contemporary,3,MWF 12:00-13:30,"Sun, S.",9876,,,CL: ASST 2112 (811).,Class Info
Communication Studies,CMST 1111 (811),Communication and Public Life,3,MWF 10:20-11:50,"Carr, R.",9825,,,"Notes: An extra media fee of 9,000 yen is required. Field trips are mandatory in this class.",Class Info
Communication Studies,CMST 2111 (811),Communications Seminar,3,MWF 12:00-13:30,"Carr, R.",9826,,,"Notes: An extra media fee of 9,000 yen is required. No credit for students who have successfully completed Comm 4111.",Class Info
Computer and Information Sciences,CIS 0835 (811),Cyberspace & Society ,3,MWF 8:10-10:10,"Karam, H.",9780,GS,60,Notes: Extended class (laboratory) time is required.,Class Info
Computer and Information Sciences,CIS 1051 (811),Introduction to Problem Solving and Programming in Python,4,MWF 13:40-15:40,"Karam, H.",9781,,,Notes: Schedule includes a laboratory component.,Class Info
Computer and Information Sciences,CIS 1057 (811),Computer Programming in C,4,TTh 11:10-14:10,"Karam, H.",10096,,,Notes: Schedule includes a laboratory component.,Class Info
Computer and Information Sciences,CIS 2109 (811),Database Management Systems,4,MWF 17:30-19:30,"Karam, H.",10097,,,Notes: Schedule includes a laboratory component.,Class Info
Dance,DANC 1807 (811),Hatha Yoga I,2,MW 15:50-17:20,"Myers, F.",9883,,58,,Class Info
Economics,ECON 0858 (811),The American Economy,3,TTh 8:45-11:00,"Ofori, S.",9859,GU,,,Class Info
Economics,ECON 1101 (811),Macroeconomic Principles,3,TTh 14:20-16:35,"Ofori, S.",9860,,C051,,Class Info
Economics,ECON 1101 (812),Macroeconomic Principles,3,MWF 13:40-15:10,"Tanaka, M.",9861,,C051,,Class Info
Economics,ECON 1102 (811),Microeconomic Principles,3,TTh 11:10-13:25,"Iniguez, A.",9862,,C052,,Class Info
Economics,ECON 1102 (812),Microeconomic Principles,3,MWF 10:20-11:50,"Kahy, H.",9863,,C052,,Class Info
Economics,ECON 3408 (811),Economics for Life,3,TTh 11:10-13:25,"Ofori, S.",9864,,,,Class Info
Economics,ECON 3501 (811),Intermediate Microeconomic Analysis,3,MWF 8:40-10:10,"Kahy, H.",9865,,201,,Class Info
Economics,ECON 3502 (811),Intermediate Macroeconomic Analysis,3,MWF 13:40-15:10,"Kahy, H.",9866,,202,,Class Info
Economics,ECON 3512 (811),Public Finance,3,MWF 10:20-11:50,"Tanaka, M.",9867,,,,Class Info
Economics,ECON 3538 (811),Managerial Economics,3,MWF 15:50-17:20,"Bedard, B.",9868,,287,,Class Info
Economics,ECON 3547 (811),Economics of Development & Growth,3,TTh 16:45-19:00,"Gupta, P.",10210,,,,Class Info
Economics,ECON 3563 (811),International Trade,3,TTh 16:45-19:00,"Iniguez, A.",9869,,250,,Class Info
Economics,ECON 3564 (811),International Monetary Economics,3,MWF 15:50-17:20,"Tanaka, M.",9870,,251,,Class Info
Economics,ECON 3596 (811),"Energy, Ecology, and Economy",3,MWF 10:20-11:50,"Gonzales, H.",9871,WI,W255,,Class Info
Economics,ECON 3598 (811),Economics Writing Seminar,3,TTh 11:10-13:25,"Kahy, H.",9872,WI,W302,Notes: Permission of major coordinator required.,Class Info
English,ENG 0711 (811),Introduction to Academic Discourse ESL,4,TTh 11:10-14:10,"Ahn, S.",9744,,41,,Class Info
English,ENG 0711 (812),Introduction to Academic Discourse ESL,4,TTh 16:45-19:45,"Northey, J.",9745,,41,,Class Info
English,ENG 0802 (811),Analytical Reading and Writing,4,TTh 16:45-19:45,"Chozick, M.",9746,GW,1002,,Class Info
English,ENG 0802 (812),Analytical Reading and Writing,4,TTh 11:10-14:10,"Arnold, S.",9747,GW,1002,,Class Info
English,ENG 0812 (812),Analytical Reading and Writing: ESL,4,MWF 13:40-15:40,"Ahn, S.",9749,GW,1012,,Class Info
English,ENG 0812 (813),Analytical Reading and Writing: ESL,4,MWF 13:40-15:40,"Chambers, J.",9750,GW,1012,,Class Info
English,ENG 0812 (814),Analytical Reading and Writing: ESL,4,MWF 13:40-15:40,"Keefe, K.",9751,GW,1012,,Class Info
English,ENG 0812 (815),Analytical Reading and Writing: ESL,4,MWF 17:30-19:30,"Chambers, J.",10885,GW,1012,,Class Info
English,ENG 0855 (811),Why Care about College: Higher Education in American Life,3,MWF 15:50-17:20,"Nelson, R.",9882,GU,,,Class Info
English,ENG 2007 (811),Writing for Business and Industry,3,MWF 13:40-15:10,"Gibbons, C.",9832,,,,Class Info
English,ENG 2007 (812),Writing for Business and Industry,3,TTh 8:45-11:00,"Swinton, W.",10230,,,,Class Info
Geography and Urban Studies,GUS 0831 (811),Global Cities,3,MWF 8:40-10:10,"Williams, M.",9879,GG,,,Class Info
Geography and Urban Studies,GUS 3000 (811),Special Topics in Geography and Urban Studies: The Evolving City: The Humanities Perspective,3,MWF 10:20-11:50,"Rossitto, S.",9928,,,CL: ASST 2000 (811) & SOC 2130 (811).,Class Info
History,HIST 0832 (811),Politics of Identity in America,3,TTh 11:10-13:25,"Williams, M.",9901,GD,,,Class Info
History,HIST 0832 (812),Politics of Identity in America,3,TTh 16:45-19:00,"Williams, M.",9902,GD,,,Class Info
History,HIST 0834 (811),Representing Race,3,TTh 8:45-11:00,"Mock, J.",9873,GD,1063,,Class Info
History,HIST 2502 (811),Introduction to East Asia: Japan,3,TTh 14:20-16:35,"Cucek, M.",9875,,116,CL: ASST 2502 (811).,Class Info
History,HIST 3229 (811),Superpower America,3,TTh 8:45-11:00,"Kingston, J.",9911,,291,,Class Info
History,HIST 3541 (811),Japan Today,3,TTh 14:20-16:35,"Kingston, J.",9910,,220,CL: ASST 3541 (811).,Class Info
History,HIST 4697 (811),"Modern Japan: Empire, War, Society",3,TTh 16:45-19:00,"Kingston, J.",9913,WI,W340,CL: ASST 4696 (811).,Class Info
Human Resource Management,HRM 1101 (811),Leadership and Organizational Management,3,TTh 14:20-16:35,"Bedard, B.",9827,,83,,Class Info
Intellectual Heritage,IH 0851 (811),IH I: The Good Life,3,MWF 8:40-10:10,"Roser, L.",9892,GY,,,Class Info
Intellectual Heritage,IH 0851 (812),IH I: The Good Life,3,MWF 10:20-11:50,"Schulz, M.",9893,GY,,,Class Info
Intellectual Heritage,IH 0851 (813),IH I: The Good Life,3,TTh 16:45-19:00,"Rosenkjar, P.",9894,GY,,,Class Info
Intellectual Heritage,IH 0851 (814),IH I: The Good Life,3,TTh 11:10-13:25,"Azzopardi, M.",9895,GY,,,Class Info
Intellectual Heritage,IH 0851 (815),IH I: The Good Life,3,TTh 14:20-16:35,"Azzopardi, M.",9896,GY,,,Class Info
Intellectual Heritage,IH 0852 (811),IH II: The Common Good,3,MWF 12:00-13:30,"Sekulovski, J.",9897,GZ,,,Class Info
Intellectual Heritage,IH 0852 (812),IH II: The Common Good,3,TTh 8:45-11:00,"Schulz, M.",9898,GZ,,,Class Info
Intellectual Heritage,IH 0852 (813),IH II: The Common Good,3,TTh 14:20-16:35,"Rosenkjar, P.",9899,GZ,,,Class Info
International Business Studies,IBS 3101 (811),Introduction to Global Finance,3,MWF 13:40-15:10,"Hongo, A.",9828,,,Notes: Economics 3563 or Economics 3564 is recommended.,Class Info
International Business Studies,IBS 3501 (811),Marketing in a Global Environment,3,MWF 10:20-11:50,"Schweiger, B.",9831,,,,Class Info
International Business Studies,IBS 4197 (811),Global Business Overview,3,MWF 10:20-11:50,"Hongo, A.",9829,WI,,Notes: Permission of major coordinator required.,Class Info
International Business Studies,IBS 4596 (811),International Business Capstone,3,TTh 14:20-16:35,"Swinton, W.",9838,WI,,Notes: Permission of major coordinator required. JIBS 3101|Minimum Grade of C-|May be taken concurrently) additionally allowed as upper-level-prerequisite.,Class Info
Japanese,JPNS 1001 (812),Japanese Elements I,4,MWF 8:10-10:10,"Negishi, M.",9755,,C070,,Class Info
Japanese,JPNS 1002 (811),Japanese Elements II,4,MWF 8:10-10:10,"Okada, C.",9756,,C071,,Class Info
Japanese,JPNS 1002 (812),Japanese Elements II,4,MWF 13:40-15:40,"Kabe, Y.",9757,,C071,,Class Info
Japanese,JPNS 1003 (811),Oral Intensive Japanese I,3,TTh 11:10-13:25,"Ichimura, Y.",9758,,140,,Class Info
Japanese,JPNS 1301 (811),Kanji I,3,TTh 11:10-13:25,"Saito, J.",9759,,,,Class Info
Japanese,JPNS 2003 (811),Oral Intensive Japanese II,3,TTh 11:10-13:25,"Matsuhashi, Y.",9762,,200,Notes: Japanese 2002 or 2702 is a prerequisite for Japanese 2003.,Class Info
Japanese,JPNS 2111 (811),Japanese Literature,3,TTh 19:15-21:30,"Holca, I.",10098,,,CL: ASST 2111 (811).,Class Info
Japanese,JPNS 2301 (811),Kanji II,3,MWF 10:20-11:50,"Toyoizumi, N.",9763,,,,Class Info
Japanese,JPNS 2631 (811),Structure of Japanese Language I,3,TTh 14:20-16:35,"Saito, J.",9764,,,Notes: JLPT N3 preparation course. Permission of the major coordinator required.,Class Info
Japanese,JPNS 2701 (811),TUJ - Japanese Intermediate I,4,MWF 8:10-10:10,"Toyoizumi, N.",9765,,,,Class Info
Japanese,JPNS 2701 (812),TUJ - Japanese Intermediate I,4,MWF 13:40-15:40,"Namba, F.",9766,,,,Class Info
Japanese,JPNS 2702 (811),TUJ - Japanese Intermediate II,4,MWF 8:10-10:10,"Machida, Y.",9767,,,,Class Info
Japanese,JPNS 2702 (813),TUJ - Japanese Intermediate II,4,MWF 13:40-15:40,"Okada, C.",9769,,,,Class Info
Japanese,JPNS 3001 (811),Advanced Japanese I,3,MWF 10:20-11:50,"Namba, F.",9770,,270,Notes: Japanese 2702 (minimum grade of C-) is an alternate prerequisite.,Class Info
Japanese,JPNS 3001 (812),Advanced Japanese I,3,MWF 15:50-17:20,"Fujiwara, Y.",9771,,270,Notes: Japanese 2702 (minimum grade of C-) is an alternate prerequisite.,Class Info
Japanese,JPNS 3002 (811),Advanced Japanese II,3,MWF 12:00-13:30,"Machida, Y.",9772,,271,,Class Info
Japanese,JPNS 3002 (812),Advanced Japanese II,3,MWF 10:20-11:50,"Kiyama (Murakami), T.",9773,,271,,Class Info
Japanese,JPNS 3003 (811),Advanced Japanese Writing,3,MWF 10:20-11:50,"Yamaguchi, A.",9774,,290,Notes: This course is primarily for native speakers or very advanced learners of Japanese.  Permission of major coordinator required.,Class Info
Japanese,JPNS 3010 (811),Special Topics in Japanese II: Kanji III,3,MWF 10:20-11:50,"Osada, R.",9775,,,Notes: Prerequisite: Japanese 2301 (minimum grade of C-) and Japanese 3002 (minimum grade of C-); or permission of the major coordinator. Students must be familiar with at least 500 Kanji before registering for this course.,Class Info
Japanese,JPNS 3631 (811),Structure of Japanese Language II,3,MWF 15:50-17:20,"Ichimura, Y.",10753,,,Notes: Permission of major coordinator required.,Class Info
Japanese,JPNS 4001 (811),Japanese Advanced III,3,MWF 12:00-13:30,"Osada, R.",9778,,,,Class Info
Japanese,JPNS 4002 (811),Japanese Advanced IV,3,MWF 12:00-13:30,"Yamaguchi, A.",9779,,,,Class Info
Journalism,JRN 1111 (811),Journalism and Society,3,MW 17:30-19:45,"Hawkins, B.",9820,,55,"Notes: An extra media fee of 4,500 yen is required.",Class Info
Journalism,JRN 1111 (812),Journalism and Society,3,MWF 12:00-13:30,"Herrera, I.",9821,,55,"Notes: An extra media fee of 4,500 yen is required.",Class Info
Journalism,JRN 2101 (811),Journalism Research,3,TTh 14:20-16:35,"Carr, R.",9823,,260,"Notes: An extra media fee of 9,000 yen is required.",Class Info
Journalism,JRN 3701 (811),Contemporary Media Issues: Journalism and Japan's Geopolitical Impact on the World,3,TTh 11:10-13:25,"Murakami, Y.",9810,,300,"Notes: An extra media fee of 4,500 yen is required. This course may not be repeated for additional credit, even across different topics. Permission of major coordinator required and field trips are mandatory. Membership to the FCCJ is included.",Class Info
Journalism,JRN 3703 (811),History of Journalism,3,TTh 16:45-19:00,"Jefferson, R.",9817,,,"Notes: An extra media fee of 9,000 yen is required.",Class Info
Liberal Arts,CLA 1002 (811),Professional Development for Liberal Arts Majors,1,T 17:30-19:00,"Sawa, K. & Adams, E.",9833,,,Notes: This course covers the same content as Liberal Arts 2020. It is not recommended students enroll in this course if they have taken or will take Liberal Arts 2020.,Class Info
Liberal Arts,CLA 2020 (811),Special Topics in Liberal Arts II: International Career Strategies,2,T 8:00-11:00,"Kieffer, L. & Sawa, K.",9830,,,Notes: This course covers the same content as Liberal Arts 1002. It is not recommended students enroll in this course if they have taken or will take Liberal Arts 1002.,Class Info
Liberal Arts,CLA 2030 (811),Special Topics in Liberal Arts III: Technology in International Business,3,TTh 8:45-11:00,"Ford, M.",9836,,,,Class Info
Management Information Systems,MIS 0855 (811),Data Science,3,MWF 15:50-17:20,"Ono, K.",9854,GS,,,Class Info
Marketing,MKTG 2101 (811),Marketing Management,3,MWF 8:40-10:10,"Schweiger, B.",9837,,81,,Class Info
Mathematics,MATH 0702 (811),Intermediate Algebra,4,MWF 13:40-15:40,"Wu, J.",9742,,,"Notes: The Teaching & Learning Center (TLC) provides free study groups (group tutoring) before and/or after classes. Perhaps you would like to keep one of these times open in your schedule. Other group sessions may be available, as well. Contact the TLC for further details.",Class Info
Mathematics,MATH 0823 (811),Math for a Digital World,4,TTh 16:45-19:45,"Bedard, B.",9798,GQ,1051,,Class Info
Mathematics,MATH 0824 (811),Mathematical Patterns,4,MWF 13:40-15:40,"Haciomeroglu, E.",9799,GQ,1052,,Class Info
Mathematics,MATH 0824 (812),Mathematical Patterns,4,MWF 8:10-10:10,"Mino Avila, S.",10894,GQ,1052,,Class Info
Mathematics,MATH 1021 (811),College Algebra,4,MWF 8:10-10:10,"Mino Avila, E.",9800,,C073,,Class Info
Mathematics,MATH 1022 (811),Precalculus,4,MWF 8:10-10:10,"Bacani, D.",9801,,,,Class Info
Mathematics,MATH 1031 (811),Differential and Integral Calculus,4,MWF 17:30-19:30,"Haciomeroglu, E.",9802,,C077,,Class Info
Mathematics,MATH 1031 (812),Differential and Integral Calculus,4,MWF 13:40-15:40,"Bacani, D.",9803,,C077,,Class Info
Mathematics,MATH 1041 (811),Calculus I,4,MWF 17:30-19:30,"Bacani, D.",9804,,,,Class Info
Mathematics,MATH 2031 (811),Probability and Statistics,3,MWF 10:20-11:50,"Mino Avila, E.",9805,,133,,Class Info
Media Studies and Production (BTMM),MSP 1021 (811),Media and Society,3,TTh 11:10-13:25,"Neubert, K.",9815,,,"Notes: An extra media fee of 4,500 yen is required.",Class Info
Media Studies and Production (BTMM),MSP 1021 (812),Media and Society,3,TTh 14:20-16:35,"Neubert, K.",9816,,,"Notes: An extra media fee of 4,500 yen is required.",Class Info
Media Studies and Production (BTMM),MSP 1701 (811),Introduction to Media Technology,3,MWF 12:00-13:30,"Lipartito, J.",9807,,,"Notes: An extra media fee of 13,500 yen is required.",Class Info
Media Studies and Production (BTMM),MSP 2701 (812),Introduction to Media Production,4,TTh 16:45-19:45,"Neubert, K.",9809,,170,"Notes: An extra media fee of 13,500 yen is required.",Class Info
Media Studies and Production (BTMM),MSP 2751 (811),Audio for Media,4,MWF 13:40-15:40,"Lipartito, J.",10090,,170,"Notes: An extra media fee of 13,500 yen is required.",Class Info
Media Studies and Production (BTMM),MSP 3196 (811),Writing Workshop,3,TTh 14:20-16:35,"Fujiwara, C.",9818,WI,,"Notes: An extra media fee of 9,000 yen is required.",Class Info
Media Studies and Production (BTMM),MSP 3196 (812),Writing Workshop,3,TTh 16:45-19:00,"Fujiwara, C.",9819,WI,,"Notes: An extra media fee of 9,000 yen is required.",Class Info
Media Studies and Production (BTMM),MSP 3701 (811),Genres of Media Production,4,MWF 17:30-19:30,"Herrera, I.",9811,,,"Notes: An extra media fee of 13,500 yen is required.",Class Info
Media Studies and Production (BTMM),MSP 3709 (811),Advanced Editing,4,TTh 11:10-14:10,"Lipartito, J.",9812,,272,"Notes: An extra media fee of 13,500 yen is required.",Class Info
Media Studies and Production (BTMM),MSP 4496 (811),Global Media,3,MWF 15:50-17:20,"Herrera, I.",9822,WI,W333,"Notes: An extra media fee of 4,500 yen is required.",Class Info
Media Studies and Production (BTMM),MSP 4796 (811),Creative Scriptwriting,3,TTh 11:10-13:25,"Carr, R.",9824,WI,W011,"Notes: An extra media fee of 4,500 yen is required.",Class Info
Music Studies,MUST 1763 (811),American Popular Music,2,MW 17:30-19:00,"Myers, F.",9884,,63,,Class Info
Philosophy,PHIL 0839 (811),Philosophy of the Human,3,MWF 10:20-11:50,"Sekulovski, J.",9889,GB,,,Class Info
Philosophy,PHIL 2172 (811),History of Philosophy: Modern,3,MWF 15:50-17:20,"Sekulovski, J.",9916,,,,Class Info
Physics,PHYS 0834 (811),Exploring the Cosmos,3,TTh 14:20-16:35,"Matsui, T.",9880,GS,,,Class Info
Physics,PHYS 0847 (811),How Things Work: The Physics of Everyday Life,3,TTh 8:45-11:00,"Matsui, T.",9881,GS,,,Class Info
Political Science,POLS 0829 (811),The History & Significance of Race in America,3,MWF 10:20-11:50,"Numata, C.",9848,GD,1376,,Class Info
Political Science,POLS 0859 (811),The Making of American Society: Melting Pot or Culture Wars?,3,MWF 12:00-13:30,"Numata, C.",9851,GU,1079,,Class Info
Political Science,POLS 0862 (811),Development & Globalization,3,MWF 12:00-13:30,"Rossitto, S.",10091,GG,,,Class Info
Political Science,POLS 0864 (811),War and Peace,3,MWF 14:10-15:40,"Wang, Y.",9855,GG,,,Class Info
Political Science,POLS 1101 (811),The American Political System,3,MWF 13:40-15:10,"Ono, K.",9852,,C051,,Class Info
Political Science,POLS 1201 (811),Foreign Governments and Politics,3,TTh 8:45-11:00,"Kakizaki, M.",9840,,C052,,Class Info
Political Science,POLS 1301 (811),International Politics,3,MWF 10:20-11:50,"Cucek, M.",9847,,C053,,Class Info
Political Science,POLS 2211 (811),Contemporary Politics of Europe,3,TTh 16:45-19:00,"Lottaz, P.",9839,,201,,Class Info
Political Science,POLS 2311 (811),Post-Cold War Security,3,TTh 14:20-16:35,"Hardy-Chartrand, B.",9845,,260,,Class Info
Political Science,POLS 2321 (811),Politics of the Global Economy,3,TTh 14:20-16:35,"Gupta, P.",9844,,261,,Class Info
Political Science,POLS 2331 (811),International Organization,3,TTh 11:10-13:25,"Ashizawa, K.",9841,,263,,Class Info
Political Science,POLS 2351 (811),Japan in a Changing World Order,3,MWF 12:00-13:30,"Cucek, M.",9850,,254,CL: ASST 2351 (811).,Class Info
Political Science,POLS 2496 (811),Introduction to Political Philosophy,3,TTh 11:10-13:25,"Hardy-Chartrand, B.",9842,WI,W101,,Class Info
Psychology,PSY 0816 (811),Workings of the Mind,3,TTh 14:20-16:35,"Yamamiya, Y.",9900,GB,,,Class Info
Psychology,PSY 0818 (811),Human Sexuality,3,TTh 11:10-13:25,"Skowronski, D.",9908,GB,,,Class Info
Psychology,PSY 1001 (811),Introduction to Psychology,3,TTh 8:45-11:00,"Saito, M.",9914,,1061,,Class Info
Psychology,PSY 1002 (811),Careers in Psychology,1,T 14:20-15:50,"Morsbach, H.",9915,,,Notes: To be taken by students in their first year as a Psychological Studies major.,Class Info
Psychology,PSY 1003 (811),Statistics for Psychology,3,MWF 8:40-10:10,"Angel, A.",9917,,1167,"Notes: An extra media fee of 9,000 yen is required. Credit will not be given for this course and Psychology 2168.",Class Info
Psychology,PSY 1004 (811),Critical Thinking in Psychology,3,MWF 10:20-11:50,"Zimmerman, S.",9918,,,,Class Info
Psychology,PSY 2101 (811),Foundations of Cognitive Psychology,3,TTh 8:45-11:00,"Joyce, T.",9919,,,,Class Info
Psychology,PSY 2104 (811),Foundations of Sensation and Perception,3,TTh 11:55-14:10,"Yamamiya, Y.",9920,,280,,Class Info
Psychology,PSY 2201 (811),Foundations of Psychopathology,3,TTh 14:20-16:35,"Skowronski, D.",9921,,220,,Class Info
Psychology,PSY 3096 (811),Conducting Psychological Research,3,MWF 12:00-13:30,"Angel, A.",9922,WI,,"Notes: An extra media fee of 9,000 yen is required. Permission of major coordinator required for summer sections of this course.",Class Info
Psychology,PSY 3620 (811),Topics in Psychology: Clinical Sexology in the Japanese Context,3,TTh 16:45-19:00,"Skowronski, D.",9923,,326,,Class Info
Psychology,PSY 3620 (812),Topics in Psychology: Social Psychology in the Cross-Cultural Context,3,MWF 12:00-13:30,"Zimmerman, S.",9964,,326,"Notes: Although Psychology 2401 “Foundations of Social Psychology” is not a specified prerequisite, it is highly recommended as appropriate preparation to anyone interested in this Topics in Psychology course. For more information, please contact the instructor: suzi.zimmerman@tuj.temple.edu .",Class Info
Psychology,PSY 4696 (811), Capstone in Psychology:  Cross-Cultural Themes in Psychology,3,TTh 19:10-21:25,"Skowronski, D.",10823,WI,,Notes: Permission of major coordinator also required.,Class Info
Religion,REL 0803 (811),The Art of Sacred Space,3,TTh 16:45-19:00,"Valerio, A.",9965,GA,,,Class Info
Religion,REL 0811 (811),Asian Behavior & Thought,3,TTh 14:20-16:35,"Valerio, A.",9887,GB,,,Class Info
Sociology,SOC 2130 (811),Selected Topics in Sociology: The Evolving City: The Humanities Perspective,3,MWF 10:20-11:50,"Rossitto, S.",9929,,,CL: ASST 2000 (811) & GUS 3000 (811).,Class Info
"Temple University, Japan Campus",TUJ 1001 (811),TUJ Bridge Seminar 1,1,T 8:10-9:40,"Higgins, S.",9969,,,CR: Enrollment in Undergraduate Bridge Program I. Notes: Not open to general enrollment. Please consult with the Academic English Program for details.,Class Info
"Temple University, Japan Campus",TUJ 1001 (812),TUJ Bridge Seminar 1,1,T 18:00-19:30,"Fujii, S.",9970,,,CR: Enrollment in Undergraduate Bridge Program I. Notes: Not open to general enrollment. Please consult with the Academic English Program for details.,Class Info
"Temple University, Japan Campus",TUJ 1001 (813),TUJ Bridge Seminar 1,1,T 12:40-14:10,"Higgins, S.",10835,,,CR: Enrollment in Undergraduate Bridge Program I. Notes: Not open to general enrollment. Please consult with the Academic English Program for details.,Class Info
"Temple University, Japan Campus",TUJ 1002 (811),Bridge Seminar 2: Academic Research for International Students,2,TTh 13:55-15:25,"Sanchez Perez, S.",9971,,,CR: Enrollment in Undergraduate Bridge Program II. Notes: Not open to general enrollment. Please consult with the Academic English Program for details.,Class Info
"Temple University, Japan Campus",TUJ 1002 (812),Bridge Seminar 2: Academic Research for International Students,2,TTh 12:15-13:45,"Sanchez Perez, S.",9972,,,CR: Enrollment in Undergraduate Bridge Program II. Notes: Not open to general enrollment. Please consult with the Academic English Program for details.,Class Info
Theater,THTR 0825 (811),The Art of Acting,3,TTh 14:20-16:35,"Roberts, W.",9813,GA,1201,"Notes: An extra media fee of 13,500 yen is required.",Class Info
Theater,THTR 0825 (812),The Art of Acting,3,TTh 16:45-19:00,"Roberts, W.",9814,GA,1201,"Notes: An extra media fee of 13,500 yen is required.",Class Info
Undergraduate Bridge Program,BRDG 0400 (811),Bridge Tutorial,0,MWF 8:40-10:10,"Staff, T.",BR4001,,,CR: Undergraduate Bridge Program enrollment.,
Undergraduate Bridge Program,BRDG 0400 (812),Bridge Tutorial,0,MWF 15:50-17:20,"Staff, T.",BR4002,,,CR: Undergraduate Bridge Program enrollment.,
Undergraduate Bridge Program,BRDG 0600 (811),Workshop for Foundations of Academic Writing,0,MWF 12:00-13:30,"Staff, T.",BR6001,,,CR: Undergraduate Bridge Program enrollment.,
Undergraduate Bridge Program,BRDG 0610 (811),Foundations of Academic Writing,0,TTh 11:10-14:10,"Staff, T.",BR6101,,,CR: Undergraduate Bridge Program enrollment.,
Undergraduate Bridge Program,BRDG 0800 (811),General Education Support,0,TTh 14:20-16:35,"Staff, T.",BR8001,,,CR: Undergraduate Bridge Program enrollment.,